<?xml version="1.0" encoding="UTF-8"?>
<config id="recipe">
    <category id="recipe" label="" visible="false">
        <category id="clothesRecipe" label="#avatarClothesCategory" priority="1" typeClass="clanRecipe" logCategory2="clothesRecipe">
            <category id="topClothes" label="#clothesCategoryTops" priority="1">
                <item id="SCiFITShirt" label="#SCiFITShirtsLabel" name="ClanSciFiTShirt" itemsCategoryId="topClothes"
                    minClanLevel="1" clanCoin="4000" theme="sciFi">
                    <unlockItems>
                        <unlockItem id="girlTShrtClanSciFi" />
                        <unlockItem id="boyTShrtClnSciFi" />
                    </unlockItems>
                </item>
                <item id="SCiFIJckt" label="#SCiFIJcktLabel" name="ClanSciFiJacket" itemsCategoryId="topClothes"
                    minClanLevel="3" clanCoin="4600" theme="sciFi">
                    <unlockItems>
                        <unlockItem id="girlJcktClnSciFi" />
                        <unlockItem id="boyJcktClnSciFi" />
                    </unlockItems>
                </item>
                <item id="ClnGlmrTShirt" label="#ClnGlmrTShirtsLabel" name="ClanGlamourTShirt" itemsCategoryId="topClothes"
                    minClanLevel="2" clanCoin="3500" theme="glamour">
                    <unlockItems>
                        <unlockItem id="girlTShrtClnGlmr" />
                        <unlockItem id="boyTShrtClnGlmr" />
                    </unlockItems>
                </item>
                <item id="ClnGlmrJckt" label="#ClnGlmrJcktLabel" name="ClanGlamourJacket" itemsCategoryId="topClothes"
                    minClanLevel="3" clanCoin="4600" theme="glamour">
                    <unlockItems>
                        <unlockItem id="girlJcktClnGlmr" />
                        <unlockItem id="boyJcktClnGlmr" />
                    </unlockItems>
                </item>
                <item id="ClnMgcTShrt" label="#ClnMgcTShrtLabel" name="ClanMagicTShirt" itemsCategoryId="topClothes"
                    minClanLevel="2" clanCoin="4000" theme="magic">
                    <unlockItems>
                        <unlockItem id="girlTShrtClnMgc" />
                        <unlockItem id="boyTShrtClnMgc" />
                    </unlockItems>
                </item>
                <item id="ClnMgcJct" label="#ClnMgcJctLabel" name="ClanMagicJacket" itemsCategoryId="topClothes"
                    minClanLevel="1" clanCoin="4600" theme="magic">
                    <unlockItems>
                        <unlockItem id="girlJcktClnMgc" />
                        <unlockItem id="boyJcktClnMgc" />
                    </unlockItems>
                </item>
                <item id="ClnPstpcTShrt" label="#ClnPstpcTShrtLabel" name="ClanPostApocalypseTShirt" itemsCategoryId="topClothes"
                    minClanLevel="1" clanCoin="3500" theme="postApocalypse">
                    <unlockItems>
                        <unlockItem id="girlTShrtClnPstpc" />
                        <unlockItem id="boyTShrtClnPstpc" />
                    </unlockItems>
                </item>
                <item id="tshrt2Pstpclps" label="#tshrt2PstpclpsLabel" name="ClanPostApocalypse2TShirt" itemsCategoryId="topClothes"
                      minClanLevel="6" clanCoin="3500" theme="postApocalypse">
                    <unlockItems>
                        <unlockItem id="girlTShrt2Pstpclps"/>
                        <unlockItem id="boyTShrt2Pstpclps"/>
                    </unlockItems>
                </item>
                <item id="jcktPstpclps" label="#jcktPstpclpsLabel" name="ClanPostApocalypse2Jacket" itemsCategoryId="topClothes"
                      minClanLevel="5" clanCoin="5200" theme="postApocalypse">
                    <unlockItems>
                        <unlockItem id="girlJcktPstpclps"/>
                        <unlockItem id="boyJcktPstpclps"/>
                    </unlockItems>
                </item>
                <item id="ClnSciFi2Jckt" label="#ClnSciFi2JcktLabel" name="ClanSciFi2Jacket" itemsCategoryId="topClothes"
                    minClanLevel="6" clanCoin="5800" theme="sciFi">
                    <unlockItems>
                        <unlockItem id="girlJcktClnSciFi2"/>
                        <unlockItem id="boyJcktClnSciFi2"/>
                    </unlockItems>
                </item>
                <item id="ClnSciFi2TShrt" label="#ClnSciFi2TShrtLabel" name="ClanSciFi2TShirt" itemsCategoryId="topClothes"
                    minClanLevel="5" clanCoin="3500" theme="sciFi">
                    <unlockItems>
                        <unlockItem id="girlTShrtClnSciFi2"/>
                        <unlockItem id="boyTShrtClnSciFi2"/>
                    </unlockItems>
                </item>
                <item id="ClnMgc2TShrt" label="#ClnMgc2TShrtLabel" name="ClanMagic2TShirt" itemsCategoryId="topClothes"
                    minClanLevel="5" clanCoin="2600" theme="magic">
                    <unlockItems>
                        <unlockItem id="girlTShrtClnMgc2"/>
                        <unlockItem id="boyTShrtClnMgc2"/>
                    </unlockItems>
                </item>
                <item id="PllvrClnGlm" label="#pllvrClnGlmLabel" name="ClanGlamour2Pullover" itemsCategoryId="topClothes" minClanLevel="6"
                      clanCoin="4600" theme="glamour">
                    <unlockItems>
                        <unlockItem id="girlTShrtGlm"/>
                        <unlockItem id="boyPllvrGlm"/>
                    </unlockItems>
                </item>
                <item id="JcktClnGlm" label="#jcktClnGlmLabel" name="ClanGlamour2Jacket" itemsCategoryId="topClothes" minClanLevel="7" clanCoin="5800"
                      theme="glamour">
                    <unlockItems>
                        <unlockItem id="girlHtGlm"/>
                        <unlockItem id="boyJcktGlm"/>
                    </unlockItems>
                </item>

            </category>

            <category id="bottomClothes" label="#clothesCategoryBottoms" priority="2">
                <item id="SCiFIPnts" label="#SCiFIPntsLabel" name="ClanSciFiPants" itemsCategoryId="bottomClothes"
                    minClanLevel="1" clanCoin="3500" theme="sciFi">
                    <unlockItems>
                        <unlockItem id="girlPntsClnSciFi" />
                        <unlockItem id="boyPntsClnSciFi" />
                    </unlockItems>
                </item>
                <item id="ClnGlmrPnts" label="#ClnGlmrPntsLabel" name="ClanGlamourPants" itemsCategoryId="bottomClothes"
                    minClanLevel="2" clanCoin="3700" theme="glamour">
                    <unlockItems>
                        <unlockItem id="girlSktClnGlmr" />
                        <unlockItem id="boyPntsClnGlmr" />
                    </unlockItems>
                </item>
                <item id="ClnMgcPnts" label="#ClnMgcPntsLabel" name="ClanMagicPants" itemsCategoryId="bottomClothes"
                    minClanLevel="2" clanCoin="3200" theme="magic">
                    <unlockItems>
                        <unlockItem id="girlSktClnMgc" />
                        <unlockItem id="boyPntsClnMgc" />
                    </unlockItems>
                </item>
                <item id="ClnMgcScks" label="#ClnMgcScksLabel" name="ClanMagicSocks" itemsCategoryId="bottomClothes"
                    minClanLevel="1" clanCoin="1700" theme="magic">
                    <unlockItems>
                        <unlockItem id="girlScksClnMgc" />
                        <unlockItem id="boyScksClnMgc" />
                    </unlockItems>
                </item>
                <item id="ClnPstpcPnts" label="#ClnPstpcPntsLabel" name="ClanPostApocalypsePants" itemsCategoryId="bottomClothes"
                    minClanLevel="1" clanCoin="2900" theme="postApocalypse">
                    <unlockItems>
                        <unlockItem id="girlPntsClnPstpc" />
                        <unlockItem id="boyPntsClnPstpc" />
                    </unlockItems>
                </item>
                <item id="pnts2Pstpclps" label="#pnts2PstpclpsLabel" name="ClanPostApocalypse2Pants" itemsCategoryId="bottomClothes"
                      minClanLevel="6" clanCoin="4600" theme="postApocalypse">
                    <unlockItems>
                        <unlockItem id="girlPnts2Pstpclps"/>
                        <unlockItem id="boyPnts2Pstpclps"/>
                    </unlockItems>
                </item>
                <item id="ClnSciFi2Pnts" label="#ClnSciFi2PntsLabel" name="ClanSciFi2Pants" itemsCategoryId="bottomClothes"
                    minClanLevel="7" clanCoin="4000" theme="sciFi">
                    <unlockItems>
                        <unlockItem id="girlPntsClnSciFi2"/>
                        <unlockItem id="boyPntsClnSciFi2"/>
                    </unlockItems>
                </item>
                <item id="ClnMgc2Pnts" label="#ClnMgc2PntsLabel" name="ClanMagic2Pants" itemsCategoryId="bottomClothes"
                    minClanLevel="7" clanCoin="5200" theme="magic">
                    <unlockItems>
                        <unlockItem id="girlSktClnMgc2"/>
                        <unlockItem id="boyPntsClnMgc2"/>
                    </unlockItems>
                </item>
                <item id="PntsClnGlm" label="#pntsClnGlmLabel" name="ClanGlamour2Pants" itemsCategoryId="bottomClothes"
                      minClanLevel="5" clanCoin="2900" theme="glamour">
                    <unlockItems>
                        <unlockItem id="girlShrtGlm"/>
                        <unlockItem id="boyPntsGlm"/>
                    </unlockItems>
                </item>
            </category>

            <category id="boots" label="#clothesCategoryShoes" priority="3">
                <item id="SCiFIBts" label="#SCiFIBtsLabel" name="ClanSciFiBoots" itemsCategoryId="boots"
                    minClanLevel="2" clanCoin="2900" theme="sciFi">
                    <unlockItems>
                        <unlockItem id="girlBtsClnSciFi" />
                        <unlockItem id="boyBtsClnSciFi" />
                    </unlockItems>
                </item>
                <item id="ClnGlmrBts" label="#ClnGlmrBtsLabel" name="ClanGlamourBoots" itemsCategoryId="boots"
                    minClanLevel="4" clanCoin="2900" theme="glamour">
                    <unlockItems>
                        <unlockItem id="girlBtsClnGlmr" />
                        <unlockItem id="boyBtsClnGlmr" />
                    </unlockItems>
                </item>
                <item id="ClnMgcBts" label="#ClnMgcBtsLabel" name="ClanMagicBoots" itemsCategoryId="boots"
                    minClanLevel="3" clanCoin="2900" theme="magic">
                    <unlockItems>
                        <unlockItem id="girlBtsClnMgc" />
                        <unlockItem id="boyBtsClnMgc" />
                    </unlockItems>
                </item>
                <item id="ClnPstpcBts" label="#ClnPstpcBtsLabel" name="ClanPostApocalypseBoots" itemsCategoryId="boots"
                    minClanLevel="1" clanCoin="3500" theme="postApocalypse">
                    <unlockItems>
                        <unlockItem id="girlBtsClnPstpc" />
                        <unlockItem id="boyBtsClnPstpc" />
                    </unlockItems>
                </item>
                <item id="shsPstpclps" label="#shsPstpclpsLabel" name="ClanPostApocalypseShoes" itemsCategoryId="boots"
                      minClanLevel="5" clanCoin="4300" theme="postApocalypse">
                    <unlockItems>
                        <unlockItem id="girlShsPstpclps"/>
                        <unlockItem id="boyShsPstpclps"/>
                    </unlockItems>
                </item>
                <item id="ClnSciFi2Bts" label="#ClnSciFi2BtsLabel" name="ClanSciFi2Boots" itemsCategoryId="boots"
                    minClanLevel="7" clanCoin="3700" theme="sciFi">
                    <unlockItems>
                        <unlockItem id="girlBtsClnSciFi2"/>
                        <unlockItem id="boyBtsClnSciFi2"/>
                    </unlockItems>
                </item>
                <item id="ClnMgc2Bts" label="#ClnMgc2BtsLabel" name="ClanMagic2Boots" itemsCategoryId="boots"
                    minClanLevel="5" clanCoin="2900" theme="magic">
                    <unlockItems>
                        <unlockItem id="girlBtsClnMgc2"/>
                        <unlockItem id="boyBtsClnMgc2"/>
                    </unlockItems>
                </item>
                <item id="ShsScksClnGlm" label="#shsScksClnGlmLabel" name="ClanGlamour2Shoes" itemsCategoryId="boots" minClanLevel="5"
                      clanCoin="3700" theme="glamour">
                    <unlockItems>
                        <unlockItem id="girlShsGlm"/>
                        <unlockItem id="boyShsScksGlm"/>
                    </unlockItems>
                </item>
            </category>

            <category id="decor" label="#clothesCategoryAcs" priority="4">
                <item id="SCiFIGlss" label="#SCiFIGlssLabel" name="ClanSciFiGlass" itemsCategoryId="decor"
                    minClanLevel="1" clanCoin="4000" theme="sciFi">
                    <unlockItems>
                        <unlockItem id="girlGlssClnSciFi" />
                        <unlockItem id="boyGlssClnSciFi" />
                    </unlockItems>
                </item>

                <item id="SCiFIAcs" label="#SCiFIAcsLabel" name="ClanSciFiAcs" itemsCategoryId="decor"
                    minClanLevel="4" clanCoin="5800" theme="sciFi">
                    <unlockItems>
                        <unlockItem id="girlAcsClnSciFi" />
                        <unlockItem id="boyAcsClnSciFi" />
                    </unlockItems>
                </item>
                <item id="ClnGlmrDcr" label="#ClnGlmrDcrLabel" name="ClanGlamourDecor" itemsCategoryId="decor"
                    minClanLevel="1" clanCoin="3500" theme="glamour">
                    <unlockItems>
                        <unlockItem id="girlErrClnGlmr" />
                        <unlockItem id="boyErrClnGlmr" />
                    </unlockItems>
                </item>

                <item id="ClnGlmrGErBGlss" label="#ClnGlmrGErBGlssLabel" name="ClanGlamourEarsAndGlasses" itemsCategoryId="decor"
                    minClanLevel="1" clanCoin="4000" theme="glamour">
                    <unlockItems>
                        <unlockItem id="girlDcrClnGlmr" />
                        <unlockItem id="boyGlssClnGlmr" />
                    </unlockItems>
                </item>

                <item id="ClnGlmrGlvs" label="#ClnGlmrGlvsLabel" name="ClanGlamourGloves" itemsCategoryId="decor"
                    minClanLevel="1" clanCoin="3200" theme="glamour">
                    <unlockItems>
                        <unlockItem id="girlGlvsClnGlmr" />
                        <unlockItem id="boyGlvsClnGlmr" />
                    </unlockItems>
                </item>

                <item id="ClnMgcGlss" label="#ClnMgcGlssLabel" name="ClanMagicGlasses" itemsCategoryId="decor"
                    minClanLevel="1" clanCoin="2900" theme="magic">
                    <unlockItems>
                        <unlockItem id="girlGlssClnMgc" />
                        <unlockItem id="boyGlssClnMgc" />
                    </unlockItems>
                </item>

                <item id="ClnMgcAcs" label="#ClnMgcAcsLabel" name="ClanMagicMagicWand" itemsCategoryId="decor"
                    minClanLevel="4" clanCoin="5200" theme="magic">
                    <unlockItems>
                        <unlockItem id="girlAcsClnMgc" />
                        <unlockItem id="boyAcsClnMgc" />
                    </unlockItems>
                </item>

                <item id="ClnMgcScrf" label="#ClnMgcScrfLabel" name="ClanMagicScarf" itemsCategoryId="decor"
                    minClanLevel="1" clanCoin="3500" theme="magic">
                    <unlockItems>
                        <unlockItem id="girlScrfClnMgc" />
                        <unlockItem id="boySckrfClnMgc" />
                    </unlockItems>
                </item>
                <item id="ClnPstpcGtss" label="#ClnPstpcGtssLabel" name="ClanPostApocalypseGlasses" itemsCategoryId="decor"
                    minClanLevel="2" clanCoin="4300" theme="postApocalypse">
                    <unlockItems>
                        <unlockItem id="girlGlssClnPstpc" />
                        <unlockItem id="boyGlssClnPstpc" />
                    </unlockItems>
                </item>

                <item id="ClnPstpcBat" label="#ClnPstpcBatLabel" name="ClanPostApocalypseBat" itemsCategoryId="decor"
                    minClanLevel="3" clanCoin="4600" theme="postApocalypse">
                    <unlockItems>
                        <unlockItem id="girlBatClnPstpc" />
                        <unlockItem id="boyBatClnPstpc" />
                    </unlockItems>
                </item>

                <item id="ClnPstpcMsk" label="#ClnPstpcMskLabel" name="ClanPostApocalypseMask" itemsCategoryId="decor"
                    minClanLevel="2" clanCoin="4000" theme="postApocalypse">
                    <unlockItems>
                        <unlockItem id="girlMskClnPstpc" />
                        <unlockItem id="boyMskClnPstpc" />
                    </unlockItems>
                </item>

                <item id="ClnPstpcScf" label="#ClnPstpcScfLabel" name="ClanPostApocalypseScarf" itemsCategoryId="decor"
                    minClanLevel="4" clanCoin="3700" theme="postApocalypse">
                    <unlockItems>
                        <unlockItem id="girlScrfClnPstpc" />
                        <unlockItem id="boyScrfClnPstpc" />
                    </unlockItems>
                </item>

                <item id="glvsPstpclps" label="#glvsPstpclpsLabel" name="ClanPostApocalypseGloves" itemsCategoryId="decor"
                      minClanLevel="5" clanCoin="6900" theme="postApocalypse">
                    <unlockItems>
                        <unlockItem id="girlGlvsPstpclps"/>
                        <unlockItem id="boyGlvsPstpclps"/>
                    </unlockItems>
                </item>

                <item id="acsPstpclps" label="#acsPstpclpsLabel" name="ClanPostApocalypseAcs" itemsCategoryId="decor"
                      minClanLevel="6" clanCoin="6300" theme="postApocalypse">
                    <unlockItems>
                        <unlockItem id="girlAcsPstpclps"/>
                        <unlockItem id="boyAcsPstpclps"/>
                    </unlockItems>
                </item>

                <item id="gnPstpclps" label="#gnPstpclpsLabel" name="ClanPostApocalypseGun" itemsCategoryId="decor"
                      minClanLevel="6" clanCoin="5800" theme="postApocalypse">
                    <unlockItems>
                        <unlockItem id="girlGnPstpclps"/>
                        <unlockItem id="boyGnPstpclps"/>
                    </unlockItems>
                </item>

                <item id="ClnSciFi2Glvs" label="#ClnSciFi2GlvsLabel" name="ClanSciFi2Gloves" itemsCategoryId="decor"
                    minClanLevel="6" clanCoin="4600" theme="sciFi">
                    <unlockItems>
                        <unlockItem id="girlGlvsClnSciFi2"/>
                        <unlockItem id="boyGlvsClnSciFi2"/>
                    </unlockItems>
                </item>

                <item id="ClnSciFi2Glss" label="#ClnSciFi2GlssLabel" name="ClanSciFi2Glass" itemsCategoryId="decor"
                    minClanLevel="5" clanCoin="4300" theme="sciFi">
                    <unlockItems>
                        <unlockItem id="girlGlssClnSciFi2"/>
                        <unlockItem id="boyGlssClnSciFi2"/>
                    </unlockItems>
                </item>

                <item id="ClnMgc2Hat" label="#ClnMgc2HatLabel" name="ClanMagic2Hat" itemsCategoryId="decor"
                    minClanLevel="6" clanCoin="4900" theme="magic">
                    <unlockItems>
                        <unlockItem id="girlHatClnMgc2"/>
                        <unlockItem id="boyHatClnMgc2"/>
                    </unlockItems>
                </item>

                <item id="ClnMgc2Sks" label="#ClnMgc2SksLabel" name="ClanMagic2Socks" itemsCategoryId="decor"
                    minClanLevel="6" clanCoin="3500" theme="magic">
                    <unlockItems>
                        <unlockItem id="girlScksClnMgc2"/>
                        <unlockItem id="boySksClnMgc2"/>
                    </unlockItems>
                </item>

                <item id="ClnMgc2Acs" label="#ClnMgc2AcsLabel" name="ClanMagic2Acs" itemsCategoryId="decor"
                    minClanLevel="7" clanCoin="4300" theme="magic">
                    <unlockItems>
                        <unlockItem id="girlAcsClnMgc2"/>
                        <unlockItem id="boyAcsClnMgc2"/>
                    </unlockItems>
                </item>

                <item id="AcsClnGlm" label="#acsClnGlmLabel" name="ClanGlamour2Acs" itemsCategoryId="decor"
                      minClanLevel="5" clanCoin="4000" theme="glamour">
                    <unlockItems>
                        <unlockItem id="girlBgGlm"/>
                        <unlockItem id="boyAcsGlm"/>
                    </unlockItems>
                </item>

                <item id="GlsssClnGlm" label="#girlGlsssGlmLabel" name="ClanGlamour2Glass" itemsCategoryId="decor" minClanLevel="6"
                      clanCoin="6900" theme="glamour">
                    <unlockItems>
                        <unlockItem id="girlGlsssGlm"/>
                        <unlockItem id="boyGlsssGlm"/>
                    </unlockItems>
                </item>

                <item id="NcklcRngClnGlm" label="#ncklcRngClnGlmLabel" name="ClanGlamour2Necklace" itemsCategoryId="decor" minClanLevel="6"
                      clanCoin="4300" theme="glamour">
                    <unlockItems>
                        <unlockItem id="girlNcklcGlm"/>
                        <unlockItem id="boyRngGlm"/>
                    </unlockItems>
                </item>


            </category>

        </category>

        <category id="appearanceRecipe" label="#avatarApearance" priority="3" typeClass="clanRecipe" logCategory2="appearanceRecipe">

            <!-- EYES -->
            <category id="eyeAppearanceCategory" label="#avatarApearanceCategory1" priority="1">
                <item id="clnRcpEye1" itemsCategoryId="1" name="ClanMagicEyes" theme="magic"
                    minClanLevel="4" clanCoin="900">
                    <unlockItems>
                        <unlockItem id="40" />
                        <unlockItem id="23" />
                    </unlockItems>
                </item>
                <item id="clnRcpEye2" itemsCategoryId="1" name="ClanSciFiEyes" theme="sciFi"
                    minClanLevel="1" clanCoin="1200">
                    <unlockItems>
                        <unlockItem id="39" />
                        <unlockItem id="22" />
                    </unlockItems>
                </item>
                <item id="clnRcpEye3" itemsCategoryId="1" name="ClanPostApocalypseEyes" theme="postApocalypse"
                    minClanLevel="1" clanCoin="800">
                    <unlockItems>
                        <unlockItem id="38" />
                        <unlockItem id="21" />
                    </unlockItems>
                </item>
                <item id="clnRcpEye4" itemsCategoryId="1" name="ClanGlamourEyes" theme="glamour"
                    minClanLevel="2" clanCoin="700">
                    <unlockItems>
                        <unlockItem id="37" />
                        <unlockItem id="20" />
                    </unlockItems>
                </item>
            </category>

            <category id="browsAppearanceCategory" label="#avatarApearanceCategory2" priority="2">
                <item id="clnRcpBrwl1" itemsCategoryId="2" name="ClanMagicBrows" theme="magic"
                    minClanLevel="2" clanCoin="500">
                    <unlockItems>
                        <unlockItem id="33" />
                        <unlockItem id="24" />
                    </unlockItems>
                </item>
                <item id="clnRcpBrwl2" itemsCategoryId="2" name="ClanSciFiBrows" theme="sciFi"
                    minClanLevel="4" clanCoin="900">
                    <unlockItems>
                        <unlockItem id="32" />
                        <unlockItem id="23" />
                    </unlockItems>
                </item>
                <item id="clnRcpBrwl3" itemsCategoryId="2" name="ClanPostApocalypseBrows" theme="postApocalypse"
                    minClanLevel="3" clanCoin="500">
                    <unlockItems>
                        <unlockItem id="31" />
                        <unlockItem id="22" />
                    </unlockItems>
                </item>
                <item id="clnRcpBrwl4" itemsCategoryId="2" name="ClanGlamourBrows" theme="glamour"
                    minClanLevel="1" clanCoin="500">
                    <unlockItems>
                        <unlockItem id="30" />
                        <unlockItem id="21" />
                    </unlockItems>
                </item>
            </category>

            <category id="mouthAppearanceCategory" label="#avatarApearanceCategory3" priority="3">
                <item id="clnRcpMouth1" itemsCategoryId="3" name="ClanMagicMouth" theme="magic"
                    minClanLevel="1" clanCoin="800">
                    <unlockItems>
                        <unlockItem id="31" />
                        <unlockItem id="25" />
                    </unlockItems>
                </item>
                <item id="clnRcpMouth2" itemsCategoryId="3" name="ClanSciFiMouth" theme="sciFi"
                    minClanLevel="3" clanCoin="600">
                    <unlockItems>
                        <unlockItem id="30" />
                        <unlockItem id="24" />
                    </unlockItems>
                </item>
                <item id="clnRcpMouth3" itemsCategoryId="3" name="ClanPostApocalypseMouth" theme="postApocalypse"
                    minClanLevel="2" clanCoin="700">
                    <unlockItems>
                        <unlockItem id="29" />
                        <unlockItem id="23" />
                    </unlockItems>
                </item>
                <item id="clnRcpMouth4" itemsCategoryId="3" name="ClanGlamourMouth" theme="glamour"
                    minClanLevel="1" clanCoin="700">
                    <unlockItems>
                        <unlockItem id="28" />
                        <unlockItem id="22" />
                    </unlockItems>
                </item>
            </category>

            <category id="faceAppearanceCategory" label="#avatarApearanceCategory11" priority="4">
                <item id="clnRcpFace1" itemsCategoryId="11" name="ClanMagicFace1" theme="magic"
                    minClanLevel="1" clanCoin="600">
                    <unlockItems>
                        <unlockItem id="14" />
                        <unlockItem id="15" />
                    </unlockItems>
                </item>
                <item id="clnRcpFace2" itemsCategoryId="11" name="ClanMagicFace2" theme="magic"
                    minClanLevel="4" clanCoin="600">
                    <unlockItems>
                        <unlockItem id="15" />
                        <unlockItem id="16" />
                    </unlockItems>
                </item>
                <item id="clnRcpFace3" itemsCategoryId="11" name="ClanMagicFace3" theme="magic"
                    minClanLevel="1" clanCoin="600">
                    <unlockItems>
                        <unlockItem id="13" />
                        <unlockItem id="14" />
                    </unlockItems>
                </item>
                <item id="clnRcpFace4" itemsCategoryId="11" name="ClanMagicFace4" theme="magic"
                    minClanLevel="3" clanCoin="700">
                    <unlockItems>
                        <unlockItem id="16" />
                        <unlockItem id="13" />
                    </unlockItems>
                </item>
                <item id="clnRcpFace5" itemsCategoryId="11" name="ClanSciFiFace5" theme="sciFi"
                    minClanLevel="2" clanCoin="700">
                    <unlockItems>
                        <unlockItem id="11" />
                        <unlockItem id="11" />
                    </unlockItems>
                </item>
                <item id="clnRcpFace6" itemsCategoryId="11" name="ClanSciFiFace6" theme="sciFi"
                    minClanLevel="1" clanCoin="700">
                    <unlockItems>
                        <unlockItem id="10" />
                        <unlockItem id="10" />
                    </unlockItems>
                </item>
                <item id="clnRcpFace7" itemsCategoryId="11" name="ClanSciFiFace7" theme="sciFi"
                    minClanLevel="4" clanCoin="700">
                    <unlockItems>
                        <unlockItem id="12" />
                        <unlockItem id="12" />
                    </unlockItems>
                </item>
                <item id="clnRcpFace8" itemsCategoryId="11" name="ClanPostApocalypseFace8" theme="postApocalypse"
                    minClanLevel="4" clanCoin="400">
                    <unlockItems>
                        <unlockItem id="9" />
                        <unlockItem id="8" />
                    </unlockItems>
                </item>
                <item id="clnRcpFace9" itemsCategoryId="11" name="ClanPostApocalypseFace9" theme="postApocalypse"
                    minClanLevel="0" clanCoin="600">
                    <unlockItems>
                        <unlockItem id="8" />
                        <unlockItem id="9" />
                    </unlockItems>
                </item>
                <item id="clnRcpFace10" itemsCategoryId="11" name="ClanGlamourFace10" theme="glamour"
                    minClanLevel="3" clanCoin="400">
                    <unlockItems>
                        <unlockItem id="7" />
                        <unlockItem id="7" />
                    </unlockItems>
                </item>
            </category>

            <category id="hairAppearanceCategory" label="#avatarApearanceCategory4" priority="1">
                <!--MAGIC -->
                <item id="clanHairMagic1" name="ClanHairMagic1" itemsCategoryId="4" minClanLevel="1" clanCoin="1700" theme="magic">
                    <unlockItems>
                        <unlockItem id="118" />
                        <unlockItem id="72" />
                    </unlockItems>
                </item>
                <item id="clanHairMagic2" name="ClanHairMagic2" itemsCategoryId="4" minClanLevel="1" clanCoin="2300" theme="magic">
                    <unlockItems>
                        <unlockItem id="119" />
                        <unlockItem id="73" />
                    </unlockItems>
                </item>
                <item id="clanHairMagic3" name="ClanHairMagic3" itemsCategoryId="4" minClanLevel="2" clanCoin="2300" theme="magic">
                    <unlockItems>
                        <unlockItem id="120" />
                        <unlockItem id="74" />
                    </unlockItems>
                </item>
                <item id="clanHairMagic4" name="ClanHairMagic4" itemsCategoryId="4" minClanLevel="3" clanCoin="2300" theme="magic">
                    <unlockItems>
                        <unlockItem id="121" />
                        <unlockItem id="75" />
                    </unlockItems>
                </item>
                <item id="clanHairMagic5" name="ClanHairMagic5" itemsCategoryId="4" minClanLevel="4" clanCoin="2300" theme="magic">
                    <unlockItems>
                        <unlockItem id="122" />
                        <unlockItem id="76" />
                    </unlockItems>
                </item>

                <!--SCI-FI-->
                <item id="clanHairSciFi1" name="ClanHairSciFi1" itemsCategoryId="4" minClanLevel="1" clanCoin="1400" theme="sciFi">
                    <unlockItems>
                        <unlockItem id="113" />
                        <unlockItem id="77" />
                    </unlockItems>
                </item>
                <item id="clanHairSciFi2" name="ClanHairSciFi2" itemsCategoryId="4" minClanLevel="4" clanCoin="2000" theme="sciFi">
                    <unlockItems>
                        <unlockItem id="114" />
                        <unlockItem id="78" />
                    </unlockItems>
                </item>
                <item id="clanHairSciFi3" name="ClanHairSciFi3" itemsCategoryId="4" minClanLevel="1" clanCoin="2000" theme="sciFi">
                    <unlockItems>
                        <unlockItem id="115" />
                        <unlockItem id="79" />
                    </unlockItems>
                </item>
                <item id="clanHairSciFi4" name="ClanHairSciFi4" itemsCategoryId="4" minClanLevel="2" clanCoin="2000" theme="sciFi">
                    <unlockItems>
                        <unlockItem id="116" />
                        <unlockItem id="80" />
                    </unlockItems>
                </item>
                <item id="clanHairSciFi5" name="ClanHairSciFi5" itemsCategoryId="4" minClanLevel="3" clanCoin="2000" theme="sciFi">
                    <unlockItems>
                        <unlockItem id="117" />
                        <unlockItem id="81" />
                    </unlockItems>
                </item>

                <!--POST-APOCALYPSE -->
                <item id="сlanHairPstApclps1" name="ClanHairPostApocalypse1" itemsCategoryId="4" minClanLevel="1" clanCoin="1300" theme="postApocalypse">
                    <unlockItems>
                        <unlockItem id="128" />
                        <unlockItem id="87" />
                    </unlockItems>
                </item>
                <item id="сlanHairPstApclps2" name="ClanHairPostApocalypse2" itemsCategoryId="4" minClanLevel="3" clanCoin="1900" theme="postApocalypse">
                    <unlockItems>
                        <unlockItem id="129" />
                        <unlockItem id="88" />
                    </unlockItems>
                </item>
                <item id="сlanHairPstApclps3" name="ClanHairPostApocalypse3" itemsCategoryId="4" minClanLevel="4" clanCoin="1900" theme="postApocalypse">
                    <unlockItems>
                        <unlockItem id="130" />
                        <unlockItem id="89" />
                    </unlockItems>
                </item>
                <item id="сlanHairPstApclps4" name="ClanHairPostApocalypse4" itemsCategoryId="4" minClanLevel="1" clanCoin="1900" theme="postApocalypse">
                    <unlockItems>
                        <unlockItem id="131" />
                        <unlockItem id="90" />
                    </unlockItems>
                </item>
                <item id="сlanHairPstApclps5" name="ClanHairPostApocalypse5" itemsCategoryId="4" minClanLevel="2" clanCoin="1900" theme="postApocalypse">
                    <unlockItems>
                        <unlockItem id="132" />
                        <unlockItem id="91" />
                    </unlockItems>
                </item>

                <!-- GLAMOUR -->
                <item id="сlanHairGlamour1" name="ClanHairGlamour1" itemsCategoryId="4" minClanLevel="1" clanCoin="1200" theme="glamour">
                    <unlockItems>
                        <unlockItem id="123" />
                        <unlockItem id="82" />
                    </unlockItems>
                </item>
                <item id="сlanHairGlamour2" name="ClanHairGlamour2" itemsCategoryId="4" minClanLevel="2" clanCoin="1700" theme="glamour">
                    <unlockItems>
                        <unlockItem id="124" />
                        <unlockItem id="83" />
                    </unlockItems>
                </item>
                <item id="сlanHairGlamour3" name="ClanHairGlamour3" itemsCategoryId="4" minClanLevel="3" clanCoin="1700" theme="glamour">
                    <unlockItems>
                        <unlockItem id="125" />
                        <unlockItem id="84" />
                    </unlockItems>
                </item>
                <item id="сlanHairGlamour4" name="ClanHairGlamour4" itemsCategoryId="4" minClanLevel="4" clanCoin="1700" theme="glamour">
                    <unlockItems>
                        <unlockItem id="126" />
                        <unlockItem id="85" />
                    </unlockItems>
                </item>
                <item id="сlanHairGlamour5" name="ClanHairGlamour5" itemsCategoryId="4" minClanLevel="1" clanCoin="1700" theme="glamour">
                    <unlockItems>
                        <unlockItem id="127" />
                        <unlockItem id="86" />
                    </unlockItems>
                </item>

                <!-- GLAMOUR 2 -->
                <item id="сlanHairGlamour6" name="ClanHairGlamour6" itemsCategoryId="4" minClanLevel="5" clanCoin="1400" theme="glamour">
                    <unlockItems>
                        <unlockItem id="135"/>
                        <unlockItem id="94"/>
                    </unlockItems>
                </item>
                <item id="сlanHairGlamour7" name="ClanHairGlamour7" itemsCategoryId="4" minClanLevel="6" clanCoin="1800" theme="glamour">
                    <unlockItems>
                        <unlockItem id="136"/>
                        <unlockItem id="95"/>
                    </unlockItems>
                </item>
                <item id="сlanHairGlamour8" name="ClanHairGlamour8" itemsCategoryId="4" minClanLevel="5" clanCoin="1800" theme="glamour">
                    <unlockItems>
                        <unlockItem id="137"/>
                        <unlockItem id="96"/>
                    </unlockItems>
                </item>
                <item id="сlanHairGlamour9" name="ClanHairGlamour9" itemsCategoryId="4" minClanLevel="7" clanCoin="1800" theme="glamour">
                    <unlockItems>
                        <unlockItem id="138"/>
                        <unlockItem id="97"/>
                    </unlockItems>
                </item>
                <item id="сlanHairGlamour10" name="ClanHairGlamour10" itemsCategoryId="4" minClanLevel="6" clanCoin="1800" theme="glamour">
                    <unlockItems>
                        <unlockItem id="139"/>
                        <unlockItem id="98"/>
                    </unlockItems>
                </item>

                <!--POST-APOCALYPSE 2-->
                <item id="сlanHairPstApclps6" name="ClanHairPostApocalypse6" itemsCategoryId="4" minClanLevel="5" clanCoin="1700"
                      theme="postApocalypse">
                    <unlockItems>
                        <unlockItem id="140"/>
                        <unlockItem id="99"/>
                    </unlockItems>
                </item>
                <item id="сlanHairPstApclps7" name="ClanHairPostApocalypse7" itemsCategoryId="4" minClanLevel="7" clanCoin="2200"
                      theme="postApocalypse">
                    <unlockItems>
                        <unlockItem id="141"/>
                        <unlockItem id="100"/>
                    </unlockItems>
                </item>
                <item id="сlanHairPstApclps8" name="ClanHairPostApocalypse8" itemsCategoryId="4" minClanLevel="6" clanCoin="2200"
                      theme="postApocalypse">
                    <unlockItems>
                        <unlockItem id="142"/>
                        <unlockItem id="101"/>
                    </unlockItems>
                </item>
                <item id="сlanHairPstApclps9" name="ClanHairPostApocalypse9" itemsCategoryId="4" minClanLevel="5" clanCoin="2200"
                      theme="postApocalypse">
                    <unlockItems>
                        <unlockItem id="143"/>
                        <unlockItem id="102"/>
                    </unlockItems>
                </item>
                <item id="сlanHairPstApclps10" name="ClanHairPostApocalypse10" itemsCategoryId="4" minClanLevel="6" clanCoin="2200"
                      theme="postApocalypse">
                    <unlockItems>
                        <unlockItem id="144"/>
                        <unlockItem id="103"/>
                    </unlockItems>
                </item>
            </category>
        </category>
    </category>
</config>