<?xml version='1.0' encoding='ASCII'?>
<config id="furniture">
    <category id="99" label="#rootFurnitureCategory" logCategory1="furniture" priority="1" typeClass="furniture" visible="true">
        <category id="clanChair" label="#armchairCategory" library="furniture" logCategory2="ClanChair" priority="1" visible="true">
            <item icon="PinkSofaClanGlamourIcon@furniture" id="pnkSofaClnGlmr" label="#pnkSofaClnGlmrLabel" loadType="file" name="PinkSofaClanGlamour" priority="1" rating="95" tags="sit,cell" gold="1400">
                <placement floor="1"/>
                <dimension height="3" length="3.65" sitZ="0.7" width="1.4"/>
                <direction names="SW,SE"/>
            </item>
            <item icon="GreenSofaClanGlamourIcon@furniture" id="grnSofaClnGlmr" label="#grnSofaClnGlmrLabel" loadType="file" name="GreenSofaClanGlamour" priority="2" rating="115" tags="sit,cell" gold="1700">
                <placement floor="1"/>
                <dimension height="1" length="4.2" width="1.9"/>
                <direction names="SW,SE"/>
            </item>
            <item icon="LongSofaClanMagicIcon@furniture" id="lngSofaClnMgk" label="#lngSofaClnMgkLabel" loadType="file" name="LongSofaClanMagic" priority="3" rating="115" tags="sit,cell" gold="1700">
                <placement floor="1"/>
                <dimension height="3" length="8.85" sitZ="0.7" width="1.4"/>
                <direction names="SW,SE"/>
            </item>
            <item icon="ChairClanMagicIcon@furniture" id="chrClnMgk" label="#chrClnMgkLabel" loadType="file" name="ChairClanMagic" priority="4" rating="95" tags="cell,sit" gold="1400">
                <placement floor="1"/>
                <dimension height="4" length="2" sitZ="0.7" width="2"/>
                <direction names="SW,SE"/>
            </item>
            <item icon="StoolClanMagicIcon@furniture" id="stlClnMgk" label="#stlClnMgkLabel" loadType="file" name="StoolClanMagic" priority="5" rating="81" tags="cell,sit" gold="1200">
                <placement floor="1"/>
                <dimension height="0.7" length="3" sitZ="0.7" width="2"/>
                <direction names="SW,SE"/>
            </item>
            <item icon="ArmchairGreenClanSciFiIcon@furniture" id="armchrGrnClnSciFi" label="#armchrGrnClnSciFiLabel" loadType="file" name="ArmchairGreenClanSciFi" priority="6" rating="95" tags="sit,cell" gold="1400">
                <placement floor="1"/>
                <dimension height="2" length="1.7" sitZ="0.7" width="1.7"/>
                <direction names="SW,SE"/>
            </item>
            <item icon="ArmchairOrangeClanSciFiIcon@furniture" id="armchrOrngClnSciFi" label="#armchrOrngClnSciFiLabel" loadType="file" name="ArmchairOrangeClanSciFi" priority="7" rating="95" tags="sit,cell" gold="1400">
                <placement floor="1"/>
                <dimension height="2" length="1.7" sitZ="0.7" width="1.7"/>
                <direction names="SW,SE"/>
            </item>
            <item icon="OttomanClanSciFiIcon@furniture" id="otmnClnSciFi" label="#otmnClnSciFiLabel" loadType="file" name="OttomanClanSciFi" priority="8" rating="81" tags="sit,cell" gold="1200">
                <placement floor="1"/>
                <dimension height="0.7" length="1.7" sitZ="0.7" width="1.7"/>
                <direction names="SW,SE"/>
            </item>
            <item icon="StoolClanSciFiIcon@furniture" id="stlClnSciFi" label="#stlClnSciFiLabel" loadType="file" name="StoolClanSciFi" priority="9" rating="81" tags="sit,cell" gold="1200">
                <placement floor="1"/>
                <dimension height="1.4" length="1" sitZ="1.4" width="1"/>
                <direction names="SW,SE"/>
            </item>
            <item icon="TiresChairClanPostApocIcon@furniture" id="trChrClnPstApc" label="#trChrClnPstApcLabel" loadType="file" name="TiresChairClanPostApoc" priority="11" rating="61" tags="cell,sit" gold="900">
                <placement floor="1"/>
                <dimension height="1.5" length="2" sitZ="1.5" width="2"/>
                <direction names="SW,SE"/>
            </item>
            <item icon="CarClanPostApocIcon@furniture" id="carClnPstApc" label="#carClnPstApcLabel" loadType="file" name="CarClanPostApoc" priority="12" rating="176" tags="cell,sit" gold="2600">
                <placement floor="1"/>
                <dimension height="2" length="4" sitZ="0.1" width="8"/>
                <direction names="SW,SE"/>
            </item>
            <category id="clanHorseAmusement" logCategory2="clanAmusement" priority="1" visible="true">
                <item description="#uncrnClnGlmrDescription" icon="UnicornClanGlamourIcon@furniture" id="uncrnClnGlmr" label="#uncrnClnGlmrLabel" loadType="file" name="UnicornClanGlamour" priority="10" rating="270" tags="sit" gold="4000">
                    <placement floor="1"/>
                    <dimension height="1.2" length="1.2" width="2.1"/>
                    <direction names="SW,SE"/>
                </item>
            </category>
        </category>
        <category id="clanTable" label="#tableCategory" library="furniture" logCategory2="ClanTable" priority="2" visible="true">
            <item icon="TableClanGlamourIcon@furniture" id="tblClnGlmr" label="#tblClnGlmrLabel" loadType="file" name="TableClanGlamour" priority="1" rating="61" tags="table" gold="900">
                <placement floor="1"/>
                <dimension height="1" length="2.4" width="2.4"/>
                <direction names="SW,SE"/>
            </item>
            <item icon="TableClanMagicIcon@furniture" id="tblClnMgk" label="#tblClnMgkLabel" loadType="file" name="TableClanMagic" priority="2" rating="95" tags="cell,table" gold="1400">
                <placement floor="1"/>
                <dimension height="2" length="6" width="6"/>
                <direction names="SW"/>
            </item>
            <item icon="TableClanSciFiIcon@furniture" id="tblClnSciFi" label="#tblClnSciFiLabel" loadType="file" name="TableClanSciFi" priority="3" rating="95" tags="cell,table" gold="1400">
                <placement floor="1"/>
                <dimension height="1.5" length="4" width="4"/>
                <direction names="SW,SE"/>
            </item>
            <item icon="BarClanSciFiIcon@furniture" id="barClnSciFi" label="#barClnSciFiLabel" loadType="file" name="BarClanSciFi" priority="4" rating="115" tags="cell,table" gold="1700">
                <placement floor="1"/>
                <dimension height="2" length="8" width="3"/>
                <direction names="SW,SE"/>
            </item>
            <item icon="BarrelTableClanPostApocIcon@furniture" id="brlTblClnPstApc" label="#brlTblClnPstApcLabel" loadType="file" name="BarrelTableClanPostApoc" priority="5" rating="95" tags="cell,table" gold="1400">
                <placement floor="1"/>
                <dimension height="2.6" length="2" width="2"/>
                <direction names="SW,SE"/>
            </item>
            <item icon="TableClanPostApocIcon@furniture" id="tblClnPstApc" label="#tblClnPstApcLabel" loadType="file" name="TableClanPostApoc" priority="6" rating="81" tags="cell,table" gold="1200">
                <placement floor="1"/>
                <dimension height="2" length="2" width="2"/>
                <direction names="SW,SE"/>
            </item>
        </category>
        <category id="clanDecor" label="#bathroomDecorCategory" library="decor" logCategory2="clanDecor" priority="5" visible="true">
            <item canBuy="0" icon="UnicornHeadClanGlamourIcon@decor" id="uncrnHeadClnGlmr" label="#uncrnHeadClnGlmrLabel" loadType="file" name="UnicornHeadClanGlamour" priority="1" rating="155" gold="2300">
                <placement wall="1"/>
                <dimension height="3" length="1.5" width="1.2"/>
                <direction names="SW,SE"/>
            </item>
            <item icon="PinkCarpetClanGlamourIcon@decor" id="pnkCrptClnGlmr" label="#pnkCrptClnGlmrLabel" loadType="file" name="PinkCarpetClanGlamour" priority="2" rating="115" tags="walk,bottom" gold="1700">
                <placement floor="1"/>
                <dimension height="0" length="8.1" width="8.1"/>
                <direction names="SW"/>
            </item>
            <item icon="BrownCarpetClanGlamourIcon@decor" id="brwnCrptClnGlmr" label="#brwnCrptClnGlmrLabel" loadType="file" name="BrownCarpetClanGlamour" priority="3" rating="88" tags="walk,bottom" gold="1300">
                <placement floor="1"/>
                <dimension height="0" length="5.65" width="5.65"/>
                <direction names="SW"/>
            </item>
            <item icon="MirrorClanGlamourIcon@decor" id="mrrClnGlmr" label="#mrrClnGlmrLabel" loadType="file" name="MirrorClanGlamour" priority="4" rating="61" gold="900">
                <placement floor="1"/>
                <dimension height="5.7" length="3" width="1.2"/>
                <direction names="SW,SE"/>
            </item>
            <item icon="VaseClanGlamourIcon@decor" id="vaseClnGlmr" label="#vaseClnGlmrLabel" loadType="file" name="VaseClanGlamour" priority="5" rating="81" gold="1200">
                <placement floor="1"/>
                <dimension height="2.9" length="0.97" width="0.97"/>
                <direction names="SW,SE"/>
            </item>
            <item icon="ScreenClanGlamourIcon@decor" id="scrnClnGlmr" label="#scrnClnGlmrLabel" loadType="file" name="ScreenClanGlamour" priority="6" rating="95" gold="1400">
                <placement floor="1"/>
                <dimension height="3.8" length="4" width="1.2"/>
                <direction names="SW,SE"/>
            </item>
            <item canBuy="0" icon="CurtainsClanGlamourHall@decor" id="crtnsClanGlamourHall" label="#crtnsClanGlamourHallLabel" loadType="file" name="CurtainsClanGlamourHall" priority="7" tags="cantEdit,clan">
                <placement floor="1"/>
                <dimension defaultZ="0.15" height="12.5" length="20" width="0"/>
                <direction names="SE"/>
            </item>
            <item icon="CarpetClanMagicIcon@decor" id="carpetClnMgk" label="#carpetClnMgkLabel" loadType="file" name="CarpetClanMagic" priority="8" rating="61" tags="walk" gold="900">
                <placement floor="1"/>
                <dimension height="0" length="13" width="13"/>
                <direction names="SW"/>
            </item>
            <item canBuy="0" icon="FlagClanMagicIcon@decor" id="flagClnMgk" label="#flagClnMgkLabel" loadType="file" name="FlagClanMagic" priority="9" rating="115" gold="1700">
                <placement floor="1"/>
                <dimension defaultZ="5.4" height="4.8" length="0.1" width="1.65"/>
                <direction names="SW,SE"/>
            </item>
            <item icon="CarpetClanSciFiIcon@decor" id="carpetClnSciFi" label="#carpetClnSciFiLabel" loadType="file" name="CarpetClanSciFi" priority="10" rating="155" tags="walk" gold="2300">
                <placement floor="1"/>
                <dimension height="0" length="8" width="8"/>
                <direction names="SW,SE"/>
            </item>
            <item icon="PlantClanSciFiIcon@decor" id="plantClnSciFi" label="#plantClnSciFiLabel" loadType="file" name="PlantClanSciFi" priority="11" rating="81" tags="cell" gold="1200">
                <placement floor="1"/>
                <dimension height="5" length="2" width="2"/>
                <direction names="SW,SE"/>
            </item>
            <item icon="CucumberClanSciFiIcon@decor" id="ccmbrClnSciFi" label="#ccmbrClnSciFiLabel" loadType="file" name="CucumberClanSciFi" priority="13" rating="61" tags="cell" gold="900">
                <placement floor="1"/>
                <dimension height="2" length="2" width="3"/>
                <direction names="SW,SE"/>
            </item>
            <item icon="DuckClanPostApocIcon@decor" id="duckClnPstApc" label="#duckClnPstApcLabel" loadType="file" name="DuckClanPostApoc" priority="14" rating="777" gold="11500">
                <placement table="1"/>
                <dimension height="0.6" length="0.6" width="0.6"/>
                <direction names="SW,SE"/>
            </item>
            <item description="#bbordClnPstApcDescription" icon="BillboardClanPostApocIcon@decor" id="bbordClnPstApc" label="#bbordClnPstApcLabel" loadType="file" name="BillboardClanPostApoc" priority="15" rating="135" tags="cell" gold="2000">
                <placement floor="1"/>
                <dimension height="5" length="2" width="1"/>
                <direction names="SW,SE"/>
            </item>
            <item icon="ArmillarSphereClanMagicIcon@decor" id="armsphrClnMgk" label="#armsphrClnMgkLabel" loadType="file" name="ArmillarSphereClanMagic" priority="16" rating="155" gold="2300">
                <placement table="1"/>
                <dimension height="2.5" length="1.4" width="1.4"/>
                <direction names="SW"/>
            </item>
            <item icon="FloorLampClanGlamourIcon@decor" id="lampClnGlmr" label="#lampClnGlmrLabel" loadType="file" name="FloorLampClanGlamour" priority="1" rating="95" gold="1400">
                <placement floor="1"/>
                <dimension height="4.3" length="0.95" width="0.95"/>
                <direction names="SW,SE"/>
            </item>
            <item canBuy="0" description="#torchClnMgkDescription" icon="TorchClanMagicIcon@decor" id="torchClnMgk" label="#torchClnMgkLabel" loadType="file" name="TorchClanMagic" priority="1" rating="81" gold="1200">
                <placement floor="1"/>
                <dimension defaultZ="4" height="2.5" length="1" width="1"/>
                <direction names="SW,SE"/>
            </item>
            <item description="#brlClnPstApcDescription" icon="BarrelClanPostApocIcon@decor" id="brlClnPstApc" label="#brlClnPstApcLabel" loadType="file" name="BarrelClanPostApoc" priority="2" rating="115" tags="cell" gold="1700">
                <placement floor="1"/>
                <dimension height="2" length="1" width="1"/>
                <direction names="SW,SE"/>
            </item>
            <category id="interactiveAnimationFurniture" priority="9" visible="true">
                <item description="#holoPlanetsClnSciFiDescription" icon="HoloPlanetsClanSciFiIcon@decor" id="holoPlanetsClnSciFi" label="#holoPlanetsClnSciFiLabel" loadType="file" name="HoloPlanetsClanSciFi" priority="12" rating="135" gold="2000">
                    <placement table="1"/>
                    <dimension height="4" length="2" width="2"/>
                    <direction names="SW,SE"/>
                </item>
            </category>
        </category>
        <category id="clanOther" label="#otherCategory" library="decor" logCategory2="clanOther" priority="6" visible="true">
            <item icon="DummyClanGlamourIcon@decor" id="dummyClnGmlr" label="#dummyClanGlamourLabel" loadType="file" name="DummyClanGlamour" priority="1" rating="81" gold="1200">
                <placement floor="1"/>
                <dimension height="2.25" length="0.9" width="1"/>
                <direction names="SW,SE"/>
            </item>
            <item icon="BoxesClanGlamourIcon@decor" id="bxsClnGlmr" label="#bxsClnGlmrLabel" loadType="file" name="BoxesClanGlamour" priority="2" rating="61" gold="900">
                <placement floor="1"/>
                <dimension height="1" length="0.85" width="1"/>
                <direction names="SW,SE"/>
            </item>
            <item icon="TrayClanGlamourIcon@decor" id="trayClnGlmr" label="#trayClnGlmrLabel" loadType="file" name="TrayClanGlamour" priority="3" rating="41" gold="600">
                <placement table="1"/>
                <dimension height="0.5" length="1.2" width="1.65"/>
                <direction names="SW,SE"/>
            </item>
            <item canBuy="0" icon="WallPanelClanSciFiIcon@decor" id="wllPnlClnSciFi" label="#wllPnlClnSciFiLabel" loadType="file" name="WallPanelClanSciFi" priority="4" rating="81" gold="1200">
                <placement floor="1"/>
                <dimension defaultZ="4" height="2" length="4" width="0.2"/>
                <direction names="SW,SE"/>
            </item>
            <item description="#brmnClnSciFiDescription" icon="BarmanClanSciFiIcon@decor" id="brmnClnSciFi" label="#brmnClnSciFiLabel" loadType="file" name="BarmanClanSciFi" priority="5" rating="270" gold="4000">
                <placement floor="1"/>
                <dimension height="4" length="1" width="1"/>
                <direction names="SW,SE"/>
            </item>
            <item icon="TableBookClanMagicIcon@decor" id="tblBkClnMgk" label="#tblBkClnMgkLabel" loadType="file" name="TableBookClanMagic" priority="6" rating="41" gold="600">
                <placement table="1"/>
                <dimension height="0.7" length="1.9" width="1.6"/>
                <direction names="SW,SE"/>
            </item>
            <item icon="MagicWandClanMagicIcon@decor" id="mgkWndClnMgk" label="#mgkWndClnMgkLabel" loadType="file" name="MagicWandClanMagic" priority="8" rating="95" gold="1400">
                <placement table="1"/>
                <dimension height="0.2" length="1.7" width="0.3"/>
                <direction names="SW,SE"/>
            </item>
            <item icon="CartClanPostApocIcon@decor" id="crtClnPstApc" label="#crtClnPstApcLabel" loadType="file" name="CartClanPostApoc" priority="12" rating="115" tags="cell" gold="1700">
                <placement floor="1"/>
                <dimension height="3" length="2" width="3"/>
                <direction names="SW,SE"/>
            </item>
            <item icon="FenceClanPostApocIcon@decor" id="fncClnPstApc" label="#fncClnPstApcLabel" loadType="file" name="FenceClanPostApoc" priority="13" rating="61" gold="900">
                <placement floor="1"/>
                <dimension height="2.6" length="4" width="1"/>
                <direction names="SW,SE"/>
            </item>
            <item icon="RadioClanPostApocIcon@decor" id="radioClnPstApc" label="#radioClnPstApcLabel" loadType="file" name="RadioClanPostApoc" priority="14" rating="81" gold="1200">
                <placement table="1"/>
                <dimension height="2.6" length="0.7" width="0.2"/>
                <direction names="SW,SE"/>
            </item>
            <category id="interactiveAnimationFurniture" priority="9" visible="true">
                <item description="#infPnlClnSciFiDescription" icon="InfoPanelClanSciFiIcon@decor" id="infPnlClnSciFi" label="#infPnlClnSciFiLabel" loadType="file" name="InfoPanelClanSciFi" priority="9" rating="135" tags="cell" gold="2000">
                    <placement floor="1"/>
                    <dimension height="7" length="5" width="3"/>
                    <direction names="SW,SE"/>
                </item>
                <item description="#infShpPnlClnSciFiDescription" icon="InfoShipPanelClanSciFiIcon@decor" id="infShpPnlClnSciFi" label="#infShpPnlClnSciFiLabel" loadType="file" name="InfoShipPanelClanSciFi" priority="10" rating="115" tags="cell" gold="1700">
                    <placement floor="1"/>
                    <dimension height="5" length="4" width="2"/>
                    <direction names="SW,SE"/>
                </item>
            </category>
            <category id="clanMagicTelescopeView" priority="9" visible="true">
                <item description="#telescopeMagicClanDescription" icon="TelescopeClanMagicIcon@decor" id="tlscpClnMgk" label="#tlscpClnMgkLabel" loadType="file" name="TelescopeClanMagic" priority="11" rating="237" tags="cell" gold="3500">
                    <placement floor="1"/>
                    <dimension height="3" length="2" width="2"/>
                    <direction names="SW,SE"/>
                </item>
            </category>
        </category>
        <category id="clanDoor" library="house" logCategory2="clanDoor" priority="7" visible="true">
            <item canBuy="1" gold="1" icon="DoorClanGlamourHallIcon@house" id="glamourHallDr" label="#glamourHallDrLabel" loadType="file" name="DoorClanGlamourHall" priority="1" rating="0" tags="ground,cantEdit,clan">
                <placement floor="1"/>
                <dimension height="7.25" length="3" width="0"/>
                <direction names="SE,SW"/>
            </item>
            <item canBuy="1" gold="1" icon="DoorClanMagicHallIcon@house" id="magicHallDr" label="#magicHallDrLabel" loadType="file" name="DoorClanMagicHall" priority="2" rating="0" tags="ground,cantEdit,clan">
                <placement floor="1"/>
                <dimension height="9.54" length="4.15" width="0"/>
                <direction names="SE,SW"/>
            </item>
            <item canBuy="1" gold="1" icon="DoorClanSciFiHallIcon@house" id="sciFiHallDr" label="#sciFiHallDrLabel" loadType="file" name="DoorClanSciFiHall" priority="3" rating="0" tags="ground,cantEdit,clan">
                <placement floor="1"/>
                <dimension height="6.42" length="3.85" width="0"/>
                <direction names="SE,SW"/>
            </item>
            <item canBuy="1" gold="1" icon="DoorClanApocalypseHallIcon@house" id="apocalypseHallDr" label="#apocalypseHallDrLabel" loadType="file" name="DoorClanApocalypseHall" priority="4" rating="0" tags="ground,cantEdit,clan">
                <placement floor="1"/>
                <dimension height="2.5" length="2.55" width="0"/>
                <direction names="SE"/>
            </item>
        </category>
    </category>
</config>
