<config>
    <category id="stickerPack" label="#stickerPackCategory" logCategory1="stickerPackItems" typeClass="stickerPack">
        <item assetName="CatStickerPack@ui" buttonAssetName="StickerCatBtn@ui" icon="CatStickerPack@ui" id="catStickerPack" label="#catStickerPackTitle" name="catStickerPack" priority="1" vipOnly="0"/>
        <item assetName="BushStickerPack@ui" buttonAssetName="StickerBushBtn@ui" icon="BushStickerPack@ui" id="bushStickerPack" label="#bushStickerPackTitle" name="bushStickerPack" priority="2" vipOnly="0"/>
        <item assetName="JackStickerPack@ui" buttonAssetName="StickerJackBtn@ui" icon="JackStickerPack@ui" id="jackStickerPack" label="#jackStickerPackTitle" name="jackStickerPack" priority="3" vipOnly="0"/>
        <item assetName="FroggyStickerPack@ui" buttonAssetName="StickerFroggyBtn@ui" icon="FroggyStickerPack@ui" id="froggyStickerPack" label="#froggyStickerPackTitle" name="froggyStickerPack" priority="4" vipOnly="0"/>
        <item assetName="DoveStickerPack@ui" buttonAssetName="StickerDoveBtn@ui" icon="DoveStickerPack@ui" id="doveStickerPack" label="#doveStickerPackTitle" name="doveStickerPack" priority="5" vipOnly="0"/>
        <item animated="1" assetName="SharkStickerPack@ui" buttonAssetName="StickerSharkBtn@ui" icon="SharkStickerPack@ui" id="sharkStickerPack" label="#sharkStickerPackTitle" name="sharkStickerPack" priority="6" vipOnly="0"/>
	</category>
</config>
