<?xml version="1.0" ?>
<map width="42" length="50">
  <viewport x="780" y="-400" width="995" height="795"/>
  <items>
    <item class="backgroundItem" wy="-0.38" wx="24.62" skin="GardenBackground@garden"/>
    <item class="workServiceFlowerItem" unservicedSkinName="FlowerBlueDie@garden" wy="23" wz="0" servicedSkinName="FlowerBlue@landscape" kind="gardenFlowerBlue" wx="3" id="workServiceFlowerItem1"/>
    <item class="workServiceFlowerItem" unservicedSkinName="FlowerBlueDie@garden" wy="23" wz="0" servicedSkinName="FlowerBlue@landscape" kind="gardenFlowerBlue" wx="7" id="workServiceFlowerItem2"/>
    <item class="workServiceFlowerItem" unservicedSkinName="FlowerBlueDie@garden" wy="33" wz="0" servicedSkinName="FlowerBlue@landscape" kind="gardenFlowerBlue" wx="20" id="workServiceFlowerItem3"/>
    <item class="landscapeItem" wy="23" wz="0" kind="treeKiparis" wx="5" id="landscapeItem32"/>
    <item class="landscapeItem" wy="32" wz="0" kind="treeKiparis" wx="22" id="landscapeItem43"/>
    <item class="landscapeItem" wy="10" wz="0" kind="treeKiparis" wx="32" id="landscapeItem50"/>
    <item class="landscapeItem" wy="15.671875" wz="0" kind="treeKiparis" wx="34.921875" id="landscapeItem58"/>
    <item class="landscapeItem" wy="30" wz="0" kind="treeLongFloweredYellow" wx="22" id="landscapeItem67"/>
    <item class="landscapeItem" wy="18.109375" wz="0" kind="treeLongFloweredYellow" wx="19.109375" id="landscapeItem77"/>
    <item class="landscapeItem" wy="10.6" wz="0" kind="treeDark2" wx="13.2" id="landscapeItem88"/>
    <item class="landscapeItem" wy="5" wz="0" kind="treeRed" wx="21" id="landscapeItem133"/>
    <item class="landscapeItem" wy="17.43125" wz="0" kind="treePink" wx="21.90625" id="landscapeItem146"/>
    <item class="landscapeItem" wy="40.5" wz="0" kind="treeDark2" wx="12.5" id="landscapeItem186"/>
    <item class="landscapeItem" wy="5.7" wz="0" kind="treeLight" wx="25" id="landscapeItem201"/>
    <item class="landscapeItem" wy="13" wz="0" kind="treeWhite" wx="32" id="landscapeItem247"/>
    <item class="landscapeItem" wy="19.5" wz="0" kind="treeWhite" wx="34.2" id="landscapeItem264"/>
    <item class="workServiceFlowerItem" unservicedSkinName="FlowerDarkVioletDie@garden" wy="18.5" wz="0" servicedSkinName="FlowerDarkViolet@landscape" kind="gardenFlowerDarkViolet" wx="8.5" id="workServiceFlowerItem4"/>
    <item class="workServiceFlowerItem" unservicedSkinName="FlowerDarkVioletDie@garden" wy="28.7" wz="0" servicedSkinName="FlowerDarkViolet@landscape" kind="gardenFlowerDarkViolet" wx="7.6" id="workServiceFlowerItem5"/>
    <item class="workServiceFlowerItem" unservicedSkinName="FlowerDarkVioletDie@garden" wy="30" wz="0" servicedSkinName="FlowerDarkViolet@landscape" kind="gardenFlowerDarkViolet" wx="16" id="workServiceFlowerItem6"/>
    <item class="workServiceFlowerItem" unservicedSkinName="FlowerViolettDie@garden" wy="25" wz="0" servicedSkinName="FlowerViolett@landscape" kind="gardenFlowerViolett" wx="13" id="workServiceFlowerItem7"/>
    <item class="workServiceFlowerItem" unservicedSkinName="FlowerViolettDie@garden" wy="28" wz="0" servicedSkinName="FlowerViolett@landscape" kind="gardenFlowerViolett" wx="14" id="workServiceFlowerItem8"/>
    <item class="workServiceFlowerItem" unservicedSkinName="FlowerViolettDie@garden" wy="29" wz="0" servicedSkinName="FlowerViolett@landscape" kind="gardenFlowerViolett" wx="12" id="workServiceFlowerItem9"/>
    <item class="workServiceFlowerItem" unservicedSkinName="FlowerViolettDie@garden" wy="10" wz="0" servicedSkinName="FlowerViolett@landscape" kind="gardenFlowerViolett" wx="25" id="workServiceFlowerItem10"/>
    <item class="workServiceFlowerItem" unservicedSkinName="FlowerBlueDie@garden" wy="17" wz="0" servicedSkinName="FlowerBlue@landscape" kind="gardenFlowerBlue" wx="11" id="workServiceFlowerItem11"/>
    <item class="workServiceFlowerItem" unservicedSkinName="FlowerOrangeDie@garden" wy="9" wz="0" servicedSkinName="FlowerOrange@landscape" kind="gardenFlowerOrange" wx="27" id="workServiceFlowerItem12"/>
    <item class="workServiceFlowerItem" unservicedSkinName="FlowerOrangeDie@garden" wy="15" wz="0" servicedSkinName="FlowerOrange@landscape" kind="gardenFlowerOrange" wx="30" id="workServiceFlowerItem13"/>
    <item class="workServiceFlowerItem" unservicedSkinName="FlowerOrangeDie@garden" wy="20" wz="0" servicedSkinName="FlowerOrange@landscape" kind="gardenFlowerOrange" wx="29" id="workServiceFlowerItem14"/>
    <item class="workServiceFlowerItem" unservicedSkinName="FlowerOrangeDie@garden" wy="21" wz="0" servicedSkinName="FlowerOrange@landscape" kind="gardenFlowerOrange" wx="17" id="workServiceFlowerItem15"/>
    <item class="workServiceFlowerItem" unservicedSkinName="FlowerOrangeDie@garden" wy="26.5" wz="0" servicedSkinName="FlowerOrange@landscape" kind="gardenFlowerOrange" wx="16" id="workServiceFlowerItem16"/>
    <item class="workServiceFlowerItem" unservicedSkinName="FlowerOrangeDie@garden" wy="33" wz="0" servicedSkinName="FlowerOrange@landscape" kind="gardenFlowerOrange" wx="13" id="workServiceFlowerItem17"/>
    <item class="workServiceFlowerItem" unservicedSkinName="FlowerOrangeDie@garden" wy="24" wz="0" servicedSkinName="FlowerOrange@landscape" kind="gardenFlowerOrange" wx="14" id="workServiceFlowerItem18"/>
    <item class="landscapeItem" wy="22" wz="0" kind="grass" wx="10" id="landscapeItem468"/>
    <item class="landscapeItem" wy="26" wz="0" kind="grass" wx="8.5" id="landscapeItem502"/>
    <item class="landscapeItem" wy="17.134375" wz="0" kind="treeSmallDark" wx="17.134375" id="landscapeItem537"/>
    <item class="landscapeItem" wy="6" wz="0" kind="bush2" wx="24" id="landscapeItem573"/>
    <item class="landscapeItem" wy="15.3" wz="0" kind="bush2" wx="21.3" id="landscapeItem610"/>
    <item class="landscapeItem" wy="7.5" wz="0" kind="bush2" wx="30.5" id="landscapeItem648"/>
    <item class="landscapeItem" wy="14" wz="0" kind="bush2" wx="32" id="landscapeItem763"/>
    <item class="landscapeItem" wy="19.3" wz="0" kind="bush2" wx="22.7" id="landscapeItem881"/>
    <item class="landscapeItem" wy="21.5" wz="0" kind="bush2" wx="23.5" id="landscapeItem1162"/>
    <item class="landscapeItem" wy="16.5" wz="0" kind="bush2" wx="13.8" id="landscapeItem19"/>
    <item class="landscapeItem" wy="7" wz="0" kind="gardenBushPion" wx="19" id="workServiceFlowerItem20"/>
    <item class="landscapeItem" wy="16" wz="0" kind="gardenBushPion" wx="15.5" id="workServiceFlowerItem21"/>
    <item class="landscapeItem" wy="27" wz="0" kind="gardenBushPion" wx="21" id="workServiceFlowerItem22"/>
    <item class="landscapeItem" wy="17" wz="0" kind="gardenBushPion" wx="32" id="workServiceFlowerItem23"/>
    <item class="landscapeItem" wy="20" wz="0" kind="gardenBushPion" wx="5" id="workServiceFlowerItem24"/>
    <item class="landscapeItem" wy="18.41" wz="0" kind="gardenBushPion" wx="13.5" id="workServiceFlowerItem25"/>
    <item class="landscapeItem" wy="21.5" wz="0" kind="flowerGrassBlue" wx="12.5" id="landscapeItem49"/>
    <item class="landscapeItem" wy="23" wz="0" kind="flowerGrassBlue" wx="27" id="landscapeItem50"/>
    <item class="landscapeItem" wy="9" wz="0" kind="flowerGrassBlue" wx="24.046875" id="landscapeItem51"/>
    <item class="landscapeItem" wy="32" wz="0" kind="flowerGrassBlue" wx="18" id="landscapeItem52"/>
    <item class="landscapeItem" wy="33.5" wz="0" kind="flowerGrassYellow2" wx="15.65" id="landscapeItem53"/>
    <item class="landscapeItem" wy="31.5" wz="0" kind="flowerGrassYellow2" wx="10.6" id="landscapeItem54"/>
    <item class="landscapeItem" wy="23.484375" wz="0" kind="flowerGrassYellow2" wx="9.009375" id="landscapeItem55"/>
    <item class="landscapeItem" wy="14" wz="0" kind="flowerGrassYellow2" wx="12" id="landscapeItem56"/>
    <item class="landscapeItem" wy="9.4" wz="0" kind="flowerGrassYellow2" wx="21.2" id="landscapeItem57"/>
    <item class="landscapeItem" wy="24" wz="0" kind="grass" wx="21" id="landscapeItem59"/>
    <item class="landscapeItem" wy="23.3" wz="0" kind="lakeSmall" wx="17" id="landscapeItem60"/>
    <item class="workServiceFlowerItem" unservicedSkinName="TreeSmallFloweredYellowDie@garden" wy="28" wz="0" servicedSkinName="TreeSmallFloweredYellow@landscape" kind="gardenTreeSmallFloweredYellow" wx="5" id="workServiceFlowerItem27"/>
    <item class="landscapeItem" wy="26" wz="0" kind="bush" wx="11" id="landscapeItem63"/>
    <item class="landscapeItem" wy="27" wz="0" kind="bush" wx="18" id="landscapeItem64"/>
    <item class="landscapeItem" wy="20.23" wz="0" kind="bushFloweredWhite" wx="13.86" id="landscapeItem65"/>
    <item class="landscapeItem" wy="19" wz="0" kind="bushFloweredWhite" wx="32" id="landscapeItem66"/>
    <item class="sitItem" wy="21" wz="0" direction="SW" kind="gardenArmchairYellow" wx="20" id="sitItem157"/>
    <item class="sitItem" wy="19" wz="0" direction="SE" kind="gardenArmchairYellow" wx="17" id="sitItem158"/>
    <item class="landscapeItem" wy="19" wz="0" kind="gardenTableRound" wx="20" id="landscapeItem168"/>
    <item class="landscapeItem" wy="19.17" wz="2" kind="gardenBowlFlower" wx="19.86" id="landscapeItem169"/>
    <item class="rotaryItem" direction="SW" wy="22" wz="0" kind="gardenFence" wx="21.5" id="rotaryItem84"/>
    <item class="rotaryItem" direction="SW" wy="18" wz="0" kind="gardenFence" wx="21.5" id="rotaryItem85"/>
    <item class="rotaryItem" direction="SE" wy="17.52" wz="0" kind="gardenFence" wx="18.055" id="rotaryItem86"/>
    <item class="dispositionItem" wy="25.5" wx="15.5" id="dispositionItem87"/>
    <item class="workServiceExterminateItem" unservicedSkinName="Insects@garden" wy="32" wz="0.1" servicedSkinName="" kind="gardenInsects" wx="18" id="workServiceExterminateItem75"/>
    <item class="workServiceExterminateItem" unservicedSkinName="Insects@garden" wy="23" wz="0.1" servicedSkinName="" kind="gardenInsects" wx="27" id="workServiceExterminateItem76"/>
    <item class="workServiceExterminateItem" unservicedSkinName="Insects@garden" wy="14" wz="0.1" servicedSkinName="" kind="gardenInsects" wx="12" id="workServiceExterminateItem77"/>
    <item class="workServiceFlyItem" unservicedSkinName="ButterflyYellow@garden" wy="18.078125" wz="3" servicedSkinName="" kind="gardenButterflyYellow" wx="11.953125" id="workServiceFlyItem78"/>
    <item class="workServiceFlyItem" unservicedSkinName="ButterflyYellow@garden" wy="15.546875" wz="3" servicedSkinName="" kind="gardenButterflyYellow" wx="20.546875" id="workServiceFlyItem79"/>
    <item class="workServiceBugItem" unservicedSkinName="Bug@garden" wy="18" wz="0" servicedSkinName="BugDead@garden" kind="gardenBug" wx="28" id="workServiceBugItem80"/>
    <item class="workServiceBugItem" unservicedSkinName="Bug@garden" wy="29" wz="0" servicedSkinName="BugDead@garden" kind="gardenBug" wx="15" id="workServiceBugItem81"/>
    <item class="workServiceBugItem" unservicedSkinName="Bug@garden" wy="22" wz="0" servicedSkinName="BugDead@garden" kind="gardenBug" wx="19" id="workServiceBugItem82"/>
    <item class="workServiceBugItem" unservicedSkinName="Bug@garden" wy="19" wz="0" servicedSkinName="BugDead@garden" kind="gardenBug" wx="11" id="workServiceBugItem83"/>
    <item class="workServiceBugItem" unservicedSkinName="Bug@garden" wy="13" wz="0" servicedSkinName="BugDead@garden" kind="gardenBug" wx="16.7625" id="workServiceBugItem84"/>
    <item class="workServiceExterminateItem" unservicedSkinName="Insects2@garden" wy="27" wz="0" servicedSkinName="" kind="gardenInsects2" wx="21" id="workServiceExterminateItem85"/>
    <item class="workServiceExterminateItem" unservicedSkinName="Insects2@garden" wy="7" wz="0" servicedSkinName="" kind="gardenInsects2" wx="19" id="workServiceExterminateItem86"/>
    <item class="walkingGridItem" cols="42" rows="50">
      <grid>
        <row values="0,0,0,0,0,0,0,0,0,0,0,0,0,0,0,0,0,0,0,0,0,0,0,0,1,0,0,0,0,0,0,0,0,0,0,0,0,0,0,0,0,0"/>
        <row values="0,0,0,0,0,0,0,0,0,0,0,0,0,0,0,0,0,0,0,0,0,0,0,1,1,1,1,0,0,0,0,0,0,0,0,0,0,0,0,0,0,0"/>
        <row values="0,0,0,0,0,0,0,0,0,0,0,0,0,0,0,0,0,0,0,0,0,0,1,1,1,1,1,1,0,0,0,0,0,0,0,0,0,0,0,0,0,0"/>
        <row values="0,0,0,0,0,0,0,0,0,0,0,0,0,0,0,0,0,0,0,0,0,1,1,1,1,1,1,1,1,0,0,0,0,0,0,0,0,0,0,0,0,0"/>
        <row values="0,0,0,0,0,0,0,0,0,0,0,0,0,0,0,0,0,0,0,0,1,1,1,1,1,1,1,1,1,0,0,0,0,0,0,0,0,0,0,0,0,0"/>
        <row values="0,0,0,0,0,0,0,0,0,0,0,0,0,0,0,0,0,0,0,1,1,1,1,1,1,1,1,1,1,1,0,0,0,0,0,0,0,0,0,0,0,0"/>
        <row values="0,0,0,0,0,0,0,0,0,0,0,0,0,0,0,0,0,0,1,1,1,1,1,1,1,1,1,1,1,1,1,0,0,0,0,0,0,0,0,0,0,0"/>
        <row values="0,0,0,0,0,0,0,0,0,0,0,0,0,0,0,0,0,1,1,1,1,1,1,1,1,1,1,1,1,1,1,1,0,0,0,0,0,0,0,0,0,0"/>
        <row values="0,0,0,0,0,0,0,0,0,0,0,0,0,0,0,0,1,1,1,1,1,1,1,1,1,1,1,1,1,1,1,1,1,0,0,0,0,0,0,0,0,0"/>
        <row values="0,0,0,0,0,0,0,0,0,0,0,0,0,0,0,1,1,1,1,1,1,1,1,1,1,1,1,1,1,1,1,1,1,1,0,0,0,0,0,0,0,0"/>
        <row values="0,0,0,0,0,0,0,0,0,0,0,0,0,0,1,1,1,1,1,1,1,1,1,1,1,1,1,1,1,1,1,1,1,1,1,0,0,0,0,0,0,0"/>
        <row values="0,0,0,0,0,0,0,0,0,0,0,0,0,1,1,1,1,1,1,1,1,1,1,1,1,1,1,1,1,1,1,1,1,1,1,1,0,0,0,0,0,0"/>
        <row values="0,0,0,0,0,0,0,0,0,0,0,0,1,1,1,1,1,1,1,1,1,1,1,1,1,1,1,1,1,1,1,1,1,1,1,1,1,0,0,0,0,0"/>
        <row values="0,0,0,0,0,0,0,0,0,0,0,1,1,1,1,1,1,1,1,1,1,1,1,1,1,1,1,1,1,1,1,1,1,1,1,1,1,1,0,0,0,0"/>
        <row values="0,0,0,0,0,0,0,0,0,0,1,1,1,1,1,1,1,1,1,1,1,1,1,1,1,1,1,1,1,1,1,1,1,1,1,1,1,1,1,0,0,0"/>
        <row values="0,0,0,0,0,0,0,0,0,1,1,1,1,1,1,1,1,1,1,1,1,1,1,1,1,1,1,1,1,1,1,1,1,1,1,1,1,1,1,1,0,0"/>
        <row values="0,0,0,0,0,0,0,0,1,1,1,1,1,1,1,1,1,1,1,1,1,1,1,1,1,1,1,1,1,1,1,1,1,1,1,1,1,1,0,0,0,0"/>
        <row values="0,0,0,0,0,0,0,1,1,1,1,1,1,1,1,1,1,1,1,1,1,1,1,1,1,1,1,1,1,1,1,1,1,1,1,1,1,0,0,0,0,0"/>
        <row values="0,0,0,0,0,0,1,1,1,1,1,1,1,1,1,1,1,1,1,1,1,1,1,1,1,1,1,1,1,1,1,1,1,1,1,1,1,0,0,0,0,0"/>
        <row values="0,0,0,0,0,1,1,1,1,1,1,1,1,1,1,1,1,1,1,1,1,1,1,1,1,1,1,1,1,1,1,1,1,1,1,1,0,0,0,0,0,0"/>
        <row values="0,0,0,0,1,1,1,1,1,1,1,1,1,1,1,1,1,1,1,1,1,1,1,1,1,1,1,1,1,1,1,1,1,1,1,0,0,0,0,0,0,0"/>
        <row values="0,0,0,1,1,1,1,1,1,1,1,1,1,1,1,1,1,1,1,1,1,1,1,1,1,1,1,1,1,1,1,1,1,1,0,0,0,0,0,0,0,0"/>
        <row values="0,0,1,1,1,1,1,1,1,1,1,1,1,1,1,1,1,1,1,1,1,1,1,1,1,1,1,1,1,1,1,1,1,0,0,0,0,0,0,0,0,0"/>
        <row values="0,1,1,1,1,1,1,1,1,1,1,1,1,1,1,1,1,0,0,0,1,1,1,1,1,1,1,1,1,1,1,1,0,0,0,0,0,0,0,0,0,0"/>
        <row values="1,1,1,1,1,1,1,1,1,1,1,1,1,1,1,1,1,0,0,0,1,1,1,1,1,1,1,1,1,1,1,0,0,0,0,0,0,0,0,0,0,0"/>
        <row values="0,1,1,1,1,1,1,1,1,1,1,1,1,1,1,1,1,0,0,0,1,1,1,1,1,1,1,1,1,1,0,0,0,0,0,0,0,0,0,0,0,0"/>
        <row values="0,0,1,1,1,1,1,1,1,1,1,1,1,1,1,1,1,1,1,1,1,1,1,1,1,1,1,1,1,0,0,0,0,0,0,0,0,0,0,0,0,0"/>
        <row values="0,0,0,1,1,1,1,1,1,1,1,1,1,1,1,1,1,1,1,1,1,1,1,1,1,1,1,1,0,0,0,0,0,0,0,0,0,0,0,0,0,0"/>
        <row values="0,0,0,0,1,1,1,1,1,1,1,1,1,1,1,1,1,1,1,1,1,1,1,1,1,1,1,0,0,0,0,0,0,0,0,0,0,0,0,0,0,0"/>
        <row values="0,0,0,0,0,1,1,1,1,1,1,1,1,1,1,1,1,1,1,1,1,1,1,1,1,1,0,0,0,0,0,0,0,0,0,0,0,0,0,0,0,0"/>
        <row values="0,0,0,0,0,0,1,1,1,1,1,1,1,1,1,1,1,1,1,1,1,1,1,1,1,0,0,0,0,0,0,0,0,0,0,0,0,0,0,0,0,0"/>
        <row values="0,0,0,0,0,0,0,1,1,1,1,1,1,1,1,1,1,1,1,1,1,1,1,1,0,0,0,0,0,0,0,0,0,0,0,0,0,0,0,0,0,0"/>
        <row values="0,0,0,0,0,0,0,0,1,1,1,1,1,1,1,1,1,1,1,1,1,1,1,0,0,0,0,0,0,0,0,0,0,0,0,0,0,0,0,0,0,0"/>
        <row values="0,0,0,0,0,0,0,0,0,1,1,1,1,1,1,1,1,1,1,1,1,1,0,0,0,0,0,0,0,0,0,0,0,0,0,0,0,0,0,0,0,0"/>
        <row values="0,0,0,0,0,0,0,0,0,0,1,1,1,1,1,1,1,1,1,1,1,0,0,0,0,0,0,0,0,0,0,0,0,0,0,0,0,0,0,0,0,0"/>
        <row values="0,0,0,0,0,0,0,0,0,0,0,1,1,1,1,1,1,1,1,1,0,0,0,0,0,0,0,0,0,0,0,0,0,0,0,0,0,0,0,0,0,0"/>
        <row values="0,0,0,0,0,0,0,0,0,0,0,0,1,1,1,1,1,1,1,0,0,0,0,0,0,0,0,0,0,0,0,0,0,0,0,0,0,0,0,0,0,0"/>
        <row values="0,0,0,0,0,0,0,0,0,0,0,0,0,1,1,1,1,1,0,0,0,0,0,0,0,0,0,0,0,0,0,0,0,0,0,0,0,0,0,0,0,0"/>
        <row values="0,0,0,0,0,0,0,0,0,0,0,0,0,0,1,1,1,0,0,0,0,0,0,0,0,0,0,0,0,0,0,0,0,0,0,0,0,0,0,0,0,0"/>
        <row values="0,0,0,0,0,0,0,0,0,0,0,0,0,0,0,1,0,0,0,0,0,0,0,0,0,0,0,0,0,0,0,0,0,0,0,0,0,0,0,0,0,0"/>
        <row values="0,0,0,0,0,0,0,0,0,0,0,0,0,0,0,0,0,0,0,0,0,0,0,0,0,0,0,0,0,0,0,0,0,0,0,0,0,0,0,0,0,0"/>
        <row values="0,0,0,0,0,0,0,0,0,0,0,0,0,0,0,0,0,0,0,0,0,0,0,0,0,0,0,0,0,0,0,0,0,0,0,0,0,0,0,0,0,0"/>
        <row values="0,0,0,0,0,0,0,0,0,0,0,0,0,0,0,0,0,0,0,0,0,0,0,0,0,0,0,0,0,0,0,0,0,0,0,0,0,0,0,0,0,0"/>
        <row values="0,0,0,0,0,0,0,0,0,0,0,0,0,0,0,0,0,0,0,0,0,0,0,0,0,0,0,0,0,0,0,0,0,0,0,0,0,0,0,0,0,0"/>
        <row values="0,0,0,0,0,0,0,0,0,0,0,0,0,0,0,0,0,0,0,0,0,0,0,0,0,0,0,0,0,0,0,0,0,0,0,0,0,0,0,0,0,0"/>
        <row values="0,0,0,0,0,0,0,0,0,0,0,0,0,0,0,0,0,0,0,0,0,0,0,0,0,0,0,0,0,0,0,0,0,0,0,0,0,0,0,0,0,0"/>
        <row values="0,0,0,0,0,0,0,0,0,0,0,0,0,0,0,0,0,0,0,0,0,0,0,0,0,0,0,0,0,0,0,0,0,0,0,0,0,0,0,0,0,0"/>
        <row values="0,0,0,0,0,0,0,0,0,0,0,0,0,0,0,0,0,0,0,0,0,0,0,0,0,0,0,0,0,0,0,0,0,0,0,0,0,0,0,0,0,0"/>
        <row values="0,0,0,0,0,0,0,0,0,0,0,0,0,0,0,0,0,0,0,0,0,0,0,0,0,0,0,0,0,0,0,0,0,0,0,0,0,0,0,0,0,0"/>
        <row values="0,0,0,0,0,0,0,0,0,0,0,0,0,0,0,0,0,0,0,0,0,0,0,0,0,0,0,0,0,0,0,0,0,0,0,0,0,0,0,0,0,0"/>
      </grid>
    </item>
    <item class="landscapeItem" wy="18.6" wz="0" kind="treeSmallFloweredYellow" wx="15.95" id="landscapeItem88"/>
  </items>
</map>